zcta,assigned_county,population,housing_units,occupied_units,vacant_units,vacant_units_moe_90pct,for_rent_units,for_rent_moe_90pct,rented_not_occupied_units,for_sale_only_units,sold_not_occupied_units,seasonal_recreational_occasional_units,seasonal_moe_90pct,migrant_worker_units,other_vacant_units,other_vacant_moe_90pct,vacancy_rate_pct,for_rent_share_of_vacant_pct,seasonal_share_of_vacant_pct,small_vacant_base_flag
33503,Hillsborough,891.0,184.0,184.0,0.0,15.0,0.0,15.0,0.0,0.0,0.0,0.0,15.0,0.0,0.0,15.0,0.0,,,yes
33510,Hillsborough,30578.0,12107.0,11589.0,518.0,244.0,189.0,124.0,0.0,34.0,0.0,45.0,50.0,0.0,250.0,175.0,4.3,36.5,8.7,no
33511,Hillsborough,62138.0,24929.0,23293.0,1636.0,522.0,844.0,388.0,109.0,142.0,38.0,202.0,134.0,0.0,301.0,156.0,6.6,51.6,12.3,no
33523,Pasco,19435.0,8007.0,6803.0,1204.0,318.0,155.0,104.0,57.0,109.0,51.0,357.0,202.0,0.0,475.0,192.0,15.0,12.9,29.7,no
33525,Pasco,21077.0,9069.0,8064.0,1005.0,310.0,80.0,84.0,59.0,236.0,0.0,459.0,226.0,0.0,171.0,108.0,11.1,8.0,45.7,no
33527,Hillsborough,17364.0,6047.0,5445.0,602.0,233.0,92.0,75.0,34.0,61.0,32.0,101.0,97.0,26.0,256.0,180.0,10.0,15.3,16.8,no
33534,Hillsborough,17740.0,6232.0,5728.0,504.0,204.0,146.0,141.0,18.0,137.0,53.0,0.0,24.0,0.0,150.0,127.0,8.1,29.0,0.0,no
33540,Pasco,11390.0,6047.0,4822.0,1225.0,357.0,0.0,24.0,0.0,89.0,57.0,748.0,251.0,0.0,331.0,205.0,20.3,0.0,61.1,no
33541,Pasco,24654.0,14713.0,10970.0,3743.0,542.0,208.0,159.0,6.0,221.0,197.0,2561.0,485.0,0.0,550.0,204.0,25.4,5.6,68.4,no
33542,Pasco,23612.0,13596.0,10587.0,3009.0,448.0,326.0,171.0,0.0,101.0,179.0,1841.0,394.0,0.0,562.0,211.0,22.1,10.8,61.2,no
33543,Pasco,40648.0,15201.0,14037.0,1164.0,355.0,271.0,185.0,0.0,0.0,126.0,331.0,171.0,0.0,436.0,250.0,7.7,23.3,28.4,no
33544,Pasco,29901.0,10714.0,9953.0,761.0,323.0,234.0,175.0,45.0,14.0,0.0,80.0,92.0,0.0,388.0,249.0,7.1,30.7,10.5,no
33545,Pasco,30222.0,10305.0,9334.0,971.0,339.0,126.0,143.0,0.0,141.0,124.0,337.0,243.0,0.0,243.0,194.0,9.4,13.0,34.7,no
33547,Hillsborough,31431.0,10215.0,9689.0,526.0,274.0,101.0,116.0,0.0,47.0,7.0,159.0,133.0,0.0,212.0,157.0,5.1,19.2,30.2,no
33548,Hillsborough,8967.0,3040.0,2982.0,58.0,48.0,0.0,21.0,32.0,26.0,0.0,0.0,21.0,0.0,0.0,21.0,1.9,0.0,0.0,yes
33549,Hillsborough,18178.0,7642.0,7166.0,476.0,208.0,156.0,123.0,98.0,88.0,43.0,0.0,24.0,0.0,91.0,96.0,6.2,32.8,0.0,no
33556,Hillsborough,35755.0,12968.0,12236.0,732.0,257.0,153.0,132.0,0.0,36.0,41.0,252.0,172.0,0.0,250.0,173.0,5.6,20.9,34.4,no
33558,Hillsborough,33165.0,12333.0,11901.0,432.0,202.0,111.0,121.0,32.0,0.0,29.0,145.0,105.0,0.0,115.0,115.0,3.5,25.7,33.6,no
33559,Hillsborough,18831.0,7510.0,7110.0,400.0,230.0,199.0,184.0,0.0,58.0,0.0,0.0,24.0,0.0,143.0,112.0,5.3,49.8,0.0,no
33563,Hillsborough,25896.0,10549.0,9617.0,932.0,256.0,165.0,122.0,59.0,12.0,37.0,306.0,165.0,0.0,353.0,171.0,8.8,17.7,32.8,no
33565,Hillsborough,18108.0,7125.0,6274.0,851.0,237.0,20.0,32.0,0.0,181.0,68.0,149.0,121.0,88.0,345.0,166.0,11.9,2.4,17.5,no
33566,Hillsborough,24521.0,8389.0,8110.0,279.0,132.0,25.0,39.0,70.0,44.0,0.0,21.0,34.0,0.0,119.0,89.0,3.3,9.0,7.5,yes
33567,Hillsborough,12562.0,4286.0,3860.0,426.0,192.0,51.0,80.0,40.0,16.0,32.0,12.0,20.0,18.0,257.0,144.0,9.9,12.0,2.8,no
33569,Hillsborough,27867.0,10902.0,10092.0,810.0,259.0,165.0,105.0,29.0,90.0,102.0,122.0,152.0,0.0,302.0,181.0,7.4,20.4,15.1,no
33570,Hillsborough,33319.0,14927.0,12322.0,2605.0,515.0,535.0,287.0,107.0,170.0,194.0,1423.0,327.0,0.0,176.0,128.0,17.5,20.5,54.6,no
33572,Hillsborough,26495.0,10978.0,10120.0,858.0,317.0,58.0,90.0,0.0,32.0,92.0,553.0,268.0,0.0,123.0,120.0,7.8,6.8,64.5,no
33573,Hillsborough,35362.0,18232.0,16422.0,1810.0,375.0,296.0,169.0,0.0,197.0,238.0,935.0,263.0,0.0,144.0,123.0,9.9,16.4,51.7,no
33574,Pasco,1822.0,0.0,0.0,0.0,15.0,0.0,15.0,0.0,0.0,0.0,0.0,15.0,0.0,0.0,15.0,,,,yes
33576,Pasco,6273.0,3195.0,2911.0,284.0,196.0,5.0,8.0,0.0,0.0,84.0,124.0,107.0,0.0,71.0,112.0,8.9,1.8,43.7,yes
33578,Hillsborough,60651.0,26117.0,23849.0,2268.0,485.0,1220.0,371.0,299.0,28.0,140.0,254.0,133.0,0.0,327.0,244.0,8.7,53.8,11.2,no
33579,Hillsborough,49470.0,16192.0,15548.0,644.0,333.0,315.0,279.0,45.0,98.0,27.0,105.0,109.0,0.0,54.0,87.0,4.0,48.9,16.3,no
33584,Hillsborough,28579.0,11123.0,10462.0,661.0,237.0,158.0,140.0,86.0,88.0,0.0,125.0,104.0,0.0,204.0,133.0,5.9,23.9,18.9,no
33592,Hillsborough,12333.0,5014.0,4435.0,579.0,204.0,93.0,79.0,63.0,0.0,71.0,98.0,82.0,9.0,245.0,117.0,11.5,16.1,16.9,no
33594,Hillsborough,37361.0,14062.0,13297.0,765.0,289.0,397.0,210.0,0.0,34.0,35.0,128.0,111.0,0.0,171.0,139.0,5.4,51.9,16.7,no
33596,Hillsborough,27757.0,10438.0,10131.0,307.0,181.0,60.0,97.0,0.0,7.0,95.0,35.0,57.0,0.0,110.0,85.0,2.9,19.5,11.4,no
33598,Hillsborough,32820.0,10287.0,9964.0,323.0,150.0,0.0,32.0,0.0,94.0,0.0,147.0,139.0,0.0,82.0,80.0,3.1,0.0,45.5,no
33602,Hillsborough,21452.0,13017.0,11907.0,1110.0,296.0,427.0,172.0,42.0,80.0,48.0,283.0,195.0,0.0,230.0,108.0,8.5,38.5,25.5,no
33603,Hillsborough,19869.0,9581.0,8721.0,860.0,188.0,217.0,97.0,39.0,119.0,25.0,123.0,82.0,23.0,314.0,133.0,9.0,25.2,14.3,no
33604,Hillsborough,40055.0,17409.0,15839.0,1570.0,304.0,369.0,147.0,72.0,289.0,50.0,324.0,166.0,0.0,466.0,163.0,9.0,23.5,20.6,no
33605,Hillsborough,16030.0,8943.0,7407.0,1536.0,293.0,295.0,122.0,0.0,98.0,54.0,267.0,140.0,0.0,822.0,230.0,17.2,19.2,17.4,no
33606,Hillsborough,24570.0,11406.0,9885.0,1521.0,320.0,414.0,204.0,142.0,113.0,35.0,727.0,236.0,0.0,90.0,82.0,13.3,27.2,47.8,no
33607,Hillsborough,25291.0,13538.0,12017.0,1521.0,318.0,237.0,109.0,85.0,175.0,0.0,516.0,228.0,0.0,508.0,174.0,11.2,15.6,33.9,no
33609,Hillsborough,18535.0,9429.0,8569.0,860.0,273.0,149.0,131.0,0.0,220.0,69.0,244.0,111.0,0.0,178.0,142.0,9.1,17.3,28.4,no
33610,Hillsborough,46587.0,18287.0,16849.0,1438.0,335.0,443.0,220.0,142.0,158.0,118.0,240.0,139.0,0.0,337.0,153.0,7.9,30.8,16.7,no
33611,Hillsborough,36810.0,19334.0,18047.0,1287.0,313.0,207.0,134.0,84.0,163.0,148.0,376.0,214.0,0.0,309.0,184.0,6.7,16.1,29.2,no
33612,Hillsborough,49005.0,21489.0,19020.0,2469.0,411.0,1341.0,300.0,116.0,183.0,104.0,222.0,135.0,0.0,503.0,168.0,11.5,54.3,9.0,no
33613,Hillsborough,37591.0,18399.0,16515.0,1884.0,411.0,1061.0,268.0,434.0,53.0,30.0,103.0,88.0,0.0,203.0,113.0,10.2,56.3,5.5,no
33614,Hillsborough,47298.0,20143.0,18429.0,1714.0,371.0,688.0,271.0,0.0,150.0,39.0,144.0,113.0,0.0,693.0,203.0,8.5,40.1,8.4,no
33615,Hillsborough,47245.0,20110.0,18335.0,1775.0,460.0,584.0,274.0,112.0,31.0,0.0,397.0,259.0,0.0,651.0,312.0,8.8,32.9,22.4,no
33616,Hillsborough,15830.0,7425.0,6847.0,578.0,191.0,222.0,135.0,39.0,0.0,45.0,205.0,139.0,0.0,67.0,58.0,7.8,38.4,35.5,no
33617,Hillsborough,47851.0,21951.0,20162.0,1789.0,333.0,949.0,291.0,260.0,86.0,0.0,199.0,135.0,0.0,295.0,160.0,8.1,53.0,11.1,no
33618,Hillsborough,27771.0,12450.0,11857.0,593.0,258.0,323.0,203.0,22.0,116.0,0.0,94.0,114.0,0.0,38.0,48.0,4.8,54.5,15.9,no
33619,Hillsborough,41396.0,16050.0,15012.0,1038.0,301.0,369.0,160.0,56.0,24.0,94.0,187.0,156.0,0.0,308.0,183.0,6.5,35.5,18.0,no
33620,Hillsborough,7298.0,34.0,34.0,0.0,21.0,0.0,21.0,0.0,0.0,0.0,0.0,21.0,0.0,0.0,21.0,0.0,,,yes
33621,Hillsborough,2393.0,565.0,497.0,68.0,45.0,68.0,45.0,0.0,0.0,0.0,0.0,15.0,0.0,0.0,15.0,12.0,100.0,0.0,yes
33624,Hillsborough,41346.0,15960.0,15613.0,347.0,152.0,133.0,112.0,48.0,36.0,2.0,55.0,67.0,0.0,73.0,63.0,2.2,38.3,15.9,no
33625,Hillsborough,29967.0,11948.0,11398.0,550.0,277.0,314.0,230.0,0.0,0.0,0.0,0.0,28.0,0.0,236.0,177.0,4.6,57.1,0.0,no
33626,Hillsborough,30575.0,12516.0,12053.0,463.0,218.0,327.0,203.0,32.0,9.0,47.0,0.0,32.0,0.0,48.0,45.0,3.7,70.6,0.0,no
33629,Hillsborough,27710.0,11330.0,10746.0,584.0,261.0,56.0,75.0,0.0,27.0,132.0,17.0,27.0,0.0,352.0,214.0,5.2,9.6,2.9,no
33634,Hillsborough,21862.0,8272.0,7801.0,471.0,231.0,317.0,182.0,20.0,62.0,0.0,38.0,62.0,0.0,34.0,54.0,5.7,67.3,8.1,no
33635,Hillsborough,19134.0,8205.0,7669.0,536.0,263.0,60.0,97.0,15.0,51.0,133.0,125.0,128.0,0.0,152.0,100.0,6.5,11.2,23.3,no
33637,Hillsborough,17658.0,8274.0,7801.0,473.0,248.0,181.0,160.0,0.0,76.0,0.0,0.0,24.0,0.0,216.0,151.0,5.7,38.3,0.0,no
33647,Hillsborough,74844.0,28268.0,27121.0,1147.0,290.0,594.0,237.0,63.0,86.0,30.0,166.0,118.0,0.0,208.0,141.0,4.1,51.8,14.5,no
33701,Pinellas,18823.0,13642.0,10549.0,3093.0,477.0,940.0,282.0,67.0,85.0,0.0,919.0,298.0,0.0,1082.0,248.0,22.7,30.4,29.7,no
33702,Pinellas,31294.0,16105.0,14031.0,2074.0,335.0,581.0,231.0,23.0,130.0,0.0,792.0,197.0,0.0,548.0,219.0,12.9,28.0,38.2,no
33703,Pinellas,25264.0,12346.0,11174.0,1172.0,364.0,184.0,178.0,0.0,159.0,94.0,265.0,190.0,0.0,470.0,215.0,9.5,15.7,22.6,no
33704,Pinellas,16232.0,8879.0,7756.0,1123.0,272.0,243.0,119.0,0.0,67.0,71.0,347.0,123.0,0.0,395.0,171.0,12.6,21.6,30.9,no
33705,Pinellas,27939.0,15259.0,12288.0,2971.0,440.0,390.0,157.0,56.0,98.0,33.0,752.0,260.0,0.0,1642.0,339.0,19.5,13.1,25.3,no
33706,Pinellas,15298.0,14424.0,8815.0,5609.0,415.0,647.0,191.0,45.0,108.0,19.0,4096.0,450.0,0.0,694.0,257.0,38.9,11.5,73.0,no
33707,Pinellas,24324.0,16826.0,12806.0,4020.0,419.0,236.0,126.0,141.0,81.0,179.0,2384.0,371.0,0.0,999.0,296.0,23.9,5.9,59.3,no
33708,Pinellas,15060.0,13304.0,7926.0,5378.0,434.0,870.0,238.0,115.0,300.0,96.0,3370.0,401.0,0.0,627.0,187.0,40.4,16.2,62.7,no
33709,Pinellas,25050.0,13377.0,11027.0,2350.0,341.0,121.0,86.0,181.0,171.0,0.0,1271.0,298.0,0.0,606.0,227.0,17.6,5.1,54.1,no
33710,Pinellas,33796.0,16712.0,14929.0,1783.0,367.0,333.0,194.0,116.0,128.0,103.0,536.0,209.0,0.0,567.0,220.0,10.7,18.7,30.1,no
33711,Pinellas,20013.0,9783.0,7222.0,2561.0,393.0,185.0,112.0,23.0,115.0,105.0,813.0,250.0,16.0,1304.0,316.0,26.2,7.2,31.7,no
33712,Pinellas,27142.0,13026.0,10676.0,2350.0,408.0,272.0,161.0,94.0,98.0,34.0,142.0,92.0,0.0,1710.0,336.0,18.0,11.6,6.0,no
33713,Pinellas,31729.0,16485.0,14781.0,1704.0,360.0,299.0,166.0,27.0,217.0,74.0,418.0,159.0,0.0,669.0,235.0,10.3,17.5,24.5,no
33714,Pinellas,19227.0,9828.0,8293.0,1535.0,330.0,295.0,165.0,31.0,81.0,0.0,673.0,251.0,0.0,455.0,179.0,15.6,19.2,43.8,no
33715,Pinellas,8032.0,7069.0,4126.0,2943.0,375.0,88.0,71.0,0.0,128.0,32.0,2476.0,356.0,0.0,219.0,111.0,41.6,3.0,84.1,no
33716,Pinellas,19328.0,11702.0,10314.0,1388.0,364.0,575.0,278.0,169.0,0.0,0.0,312.0,163.0,0.0,332.0,201.0,11.9,41.4,22.5,no
33755,Pinellas,27476.0,11901.0,10250.0,1651.0,363.0,329.0,165.0,104.0,41.0,138.0,606.0,220.0,0.0,433.0,215.0,13.9,19.9,36.7,no
33756,Pinellas,32201.0,15269.0,12960.0,2309.0,455.0,342.0,171.0,169.0,187.0,77.0,1230.0,327.0,0.0,304.0,187.0,15.1,14.8,53.3,no
33759,Pinellas,17557.0,8731.0,7625.0,1106.0,346.0,351.0,188.0,26.0,99.0,47.0,411.0,232.0,0.0,172.0,121.0,12.7,31.7,37.2,no
33760,Pinellas,20501.0,8982.0,7703.0,1279.0,260.0,249.0,164.0,147.0,40.0,0.0,558.0,177.0,26.0,259.0,129.0,14.2,19.5,43.6,no
33761,Pinellas,18290.0,9681.0,8457.0,1224.0,293.0,143.0,125.0,112.0,36.0,84.0,793.0,240.0,0.0,56.0,65.0,12.6,11.7,64.8,no
33762,Pinellas,5063.0,3014.0,2589.0,425.0,191.0,12.0,18.0,0.0,0.0,0.0,262.0,162.0,11.0,140.0,93.0,14.1,2.8,61.6,no
33763,Pinellas,21146.0,11557.0,10121.0,1436.0,371.0,181.0,146.0,26.0,23.0,137.0,970.0,346.0,0.0,99.0,75.0,12.4,12.6,67.5,no
33764,Pinellas,27311.0,15048.0,12395.0,2653.0,372.0,283.0,135.0,63.0,186.0,58.0,1649.0,390.0,0.0,414.0,148.0,17.6,10.7,62.2,no
33765,Pinellas,13808.0,6827.0,6006.0,821.0,259.0,249.0,156.0,191.0,0.0,67.0,243.0,164.0,0.0,71.0,70.0,12.0,30.3,29.6,no
33767,Pinellas,8081.0,8842.0,4433.0,4409.0,412.0,479.0,176.0,116.0,86.0,70.0,3183.0,409.0,0.0,475.0,217.0,49.9,10.9,72.2,no
33770,Pinellas,25368.0,13951.0,11563.0,2388.0,359.0,428.0,177.0,68.0,171.0,117.0,977.0,237.0,0.0,627.0,216.0,17.1,17.9,40.9,no
33771,Pinellas,27596.0,17029.0,13190.0,3839.0,534.0,498.0,240.0,53.0,183.0,0.0,2297.0,424.0,0.0,808.0,291.0,22.5,13.0,59.8,no
33772,Pinellas,23733.0,12421.0,10582.0,1839.0,376.0,172.0,113.0,20.0,188.0,86.0,980.0,271.0,0.0,393.0,177.0,14.8,9.4,53.3,no
33773,Pinellas,16741.0,8350.0,7100.0,1250.0,298.0,57.0,68.0,55.0,0.0,50.0,685.0,189.0,0.0,403.0,226.0,15.0,4.6,54.8,no
33774,Pinellas,19799.0,10333.0,8420.0,1913.0,401.0,387.0,230.0,73.0,157.0,23.0,1103.0,260.0,0.0,170.0,140.0,18.5,20.2,57.7,no
33776,Pinellas,12556.0,5381.0,4947.0,434.0,146.0,67.0,77.0,0.0,0.0,65.0,177.0,123.0,0.0,125.0,93.0,8.1,15.4,40.8,no
33777,Pinellas,18582.0,8328.0,7416.0,912.0,234.0,131.0,105.0,0.0,17.0,8.0,576.0,203.0,0.0,180.0,123.0,11.0,14.4,63.2,no
33778,Pinellas,16807.0,8208.0,6836.0,1372.0,296.0,184.0,113.0,31.0,144.0,72.0,737.0,220.0,0.0,204.0,107.0,16.7,13.4,53.7,no
33781,Pinellas,28072.0,12429.0,10859.0,1570.0,391.0,248.0,144.0,186.0,57.0,57.0,507.0,185.0,0.0,515.0,218.0,12.6,15.8,32.3,no
33782,Pinellas,22461.0,10849.0,9557.0,1292.0,296.0,138.0,111.0,40.0,13.0,60.0,480.0,190.0,0.0,561.0,244.0,11.9,10.7,37.2,no
33785,Pinellas,4907.0,5983.0,2555.0,3428.0,243.0,858.0,202.0,73.0,85.0,25.0,2166.0,252.0,0.0,221.0,124.0,57.3,25.0,63.2,no
33786,Pinellas,1582.0,1187.0,698.0,489.0,76.0,39.0,30.0,0.0,11.0,32.0,379.0,75.0,0.0,28.0,24.0,41.2,8.0,77.5,no
34601,Hernando,24115.0,12139.0,10217.0,1922.0,355.0,232.0,159.0,38.0,96.0,147.0,521.0,221.0,0.0,888.0,278.0,15.8,12.1,27.1,no
34602,Hernando,11088.0,4449.0,3935.0,514.0,250.0,87.0,91.0,0.0,69.0,53.0,226.0,146.0,0.0,79.0,96.0,11.6,16.9,44.0,no
34604,Hernando,13642.0,4990.0,4600.0,390.0,144.0,20.0,35.0,0.0,43.0,142.0,145.0,97.0,0.0,40.0,53.0,7.8,5.1,37.2,no
34606,Hernando,28668.0,14132.0,12741.0,1391.0,338.0,215.0,130.0,0.0,117.0,268.0,626.0,205.0,0.0,165.0,100.0,9.8,15.5,45.0,no
34607,Hernando,9496.0,5095.0,4081.0,1014.0,246.0,21.0,32.0,0.0,55.0,112.0,739.0,213.0,0.0,87.0,78.0,19.9,2.1,72.9,no
34608,Hernando,36658.0,15206.0,14202.0,1004.0,271.0,118.0,82.0,0.0,88.0,82.0,417.0,201.0,0.0,299.0,135.0,6.6,11.8,41.5,no
34609,Hernando,47257.0,18853.0,17593.0,1260.0,321.0,320.0,191.0,0.0,49.0,239.0,244.0,147.0,0.0,408.0,231.0,6.7,25.4,19.4,no
34610,Pasco,16995.0,6439.0,5780.0,659.0,246.0,61.0,99.0,0.0,39.0,80.0,213.0,143.0,0.0,266.0,167.0,10.2,9.3,32.3,no
34613,Hernando,19337.0,10745.0,8909.0,1836.0,401.0,109.0,89.0,47.0,0.0,76.0,1327.0,343.0,0.0,277.0,210.0,17.1,5.9,72.3,no
34614,Hernando,10935.0,3838.0,3712.0,126.0,131.0,0.0,24.0,0.0,0.0,0.0,58.0,94.0,0.0,68.0,90.0,3.3,0.0,46.0,yes
34637,Pasco,13049.0,4132.0,3981.0,151.0,144.0,0.0,24.0,0.0,0.0,0.0,107.0,123.0,0.0,44.0,73.0,3.7,0.0,70.9,yes
34638,Pasco,37644.0,12712.0,12048.0,664.0,300.0,172.0,141.0,108.0,48.0,0.0,104.0,137.0,0.0,232.0,147.0,5.2,25.9,15.7,no
34639,Pasco,30831.0,11039.0,10612.0,427.0,217.0,34.0,43.0,0.0,62.0,63.0,129.0,129.0,0.0,139.0,111.0,3.9,8.0,30.2,no
34652,Pasco,27444.0,14914.0,12092.0,2822.0,432.0,154.0,136.0,41.0,79.0,183.0,1605.0,342.0,0.0,760.0,223.0,18.9,5.5,56.9,no
34653,Pasco,35945.0,17458.0,15777.0,1681.0,361.0,50.0,51.0,0.0,73.0,126.0,895.0,245.0,0.0,537.0,217.0,9.6,3.0,53.2,no
34654,Pasco,24355.0,10124.0,9177.0,947.0,292.0,44.0,71.0,0.0,219.0,28.0,369.0,164.0,0.0,287.0,191.0,9.4,4.6,39.0,no
34655,Pasco,49964.0,20915.0,19632.0,1283.0,358.0,353.0,191.0,55.0,0.0,23.0,610.0,270.0,0.0,242.0,147.0,6.1,27.5,47.5,no
34667,Pasco,30689.0,19304.0,14691.0,4613.0,620.0,239.0,133.0,10.0,510.0,88.0,2980.0,522.0,0.0,786.0,358.0,23.9,5.2,64.6,no
34668,Pasco,49442.0,23969.0,20730.0,3239.0,485.0,215.0,110.0,0.0,123.0,176.0,1788.0,348.0,0.0,937.0,282.0,13.5,6.6,55.2,no
34669,Pasco,14618.0,6993.0,6021.0,972.0,262.0,0.0,24.0,0.0,56.0,0.0,537.0,202.0,0.0,379.0,167.0,13.9,0.0,55.2,no
34677,Pinellas,22762.0,10218.0,9148.0,1070.0,274.0,123.0,107.0,26.0,77.0,0.0,609.0,210.0,0.0,235.0,152.0,10.5,11.5,56.9,no
34681,Pinellas,1284.0,608.0,509.0,99.0,108.0,0.0,15.0,0.0,0.0,0.0,99.0,108.0,0.0,0.0,15.0,16.3,0.0,100.0,yes
34683,Pinellas,33911.0,15644.0,13998.0,1646.0,395.0,201.0,185.0,0.0,0.0,8.0,1381.0,344.0,0.0,56.0,86.0,10.5,12.2,83.9,no
34684,Pinellas,27029.0,14419.0,12874.0,1545.0,290.0,180.0,123.0,142.0,224.0,29.0,791.0,210.0,0.0,179.0,97.0,10.7,11.7,51.2,no
34685,Pinellas,18132.0,8032.0,7405.0,627.0,204.0,147.0,104.0,0.0,91.0,0.0,246.0,145.0,0.0,143.0,125.0,7.8,23.4,39.2,no
34688,Pinellas,8522.0,3535.0,3295.0,240.0,126.0,0.0,21.0,0.0,0.0,0.0,219.0,121.0,0.0,21.0,25.0,6.8,0.0,91.2,yes
34689,Pinellas,27324.0,14398.0,12755.0,1643.0,377.0,230.0,133.0,0.0,88.0,33.0,796.0,299.0,0.0,496.0,275.0,11.4,14.0,48.4,no
34690,Pasco,12498.0,7111.0,5274.0,1837.0,326.0,109.0,116.0,0.0,148.0,0.0,1081.0,271.0,0.0,499.0,188.0,25.8,5.9,58.8,no
34691,Pasco,21232.0,12160.0,9716.0,2444.0,390.0,102.0,85.0,0.0,85.0,18.0,1608.0,293.0,0.0,631.0,195.0,20.1,4.2,65.8,no
34695,Pinellas,18098.0,8162.0,7494.0,668.0,246.0,65.0,94.0,0.0,43.0,45.0,289.0,145.0,0.0,226.0,158.0,8.2,9.7,43.3,no
34698,Pinellas,38171.0,22023.0,18020.0,4003.0,487.0,260.0,180.0,31.0,249.0,149.0,2850.0,459.0,0.0,464.0,200.0,18.2,6.5,71.2,no
